area_sqft,bedrooms,age_years,distance_to_city_km,price_lakhs
767,5,27,17.1,877.47
2822,4,1,24.1,1286.46
2464,3,12,9.9,1274.84
1817,5,14,11.2,1223.7
1799,1,24,20.5,894.84
3076,5,3,13.1,1392.52
757,5,13,18.7,1073.1
2592,3,4,12.0,1293.08
1104,4,24,6.2,1009.77
782,3,19,18.9,945.3
2079,2,15,4.1,1244.73
3427,4,12,5.8,1345.69
2707,2,4,16.0,1207.19
2784,2,28,18.9,899.19
2653,3,20,22.5,1002.83
2858,5,9,7.5,1305.84
2040,2,12,3.7,1228.84
884,3,22,23.9,820.44
3020,1,22,4.7,1141.48
1851,1,14,5.7,1126.9
2001,1,9,8.0,1196.26
1612,1,20,13.7,1064.93
1047,5,20,22.2,991.18
3281,5,18,19.3,1199.21
2845,5,2,18.0,1343.08
2432,1,14,5.2,1195.62
1707,1,19,9.6,1073.04
2969,2,29,12.5,1066.65
2136,3,16,4.5,1166.72
1830,2,10,7.6,1212.39
1851,3,17,8.4,1048.71
1181,1,5,4.1,1235.11
776,4,2,14.2,1234.66
2164,2,21,17.9,1012.14
3164,1,30,2.7,1187.08
691,4,26,12.5,879.08
3075,5,18,19.8,1186.76
2983,1,1,19.0,1305.94
1330,3,30,20.6,837.74
2395,5,13,11.8,1238.03
995,4,8,20.7,1099.79
2775,5,27,6.8,1185.63
2602,3,23,9.7,1183.57
1563,2,23,5.2,1051.15
703,4,8,12.2,1174.84
3413,1,30,10.4,1033.33
1837,2,14,6.8,1204.21
3180,4,16,19.0,1164.01
2534,4,23,8.5,1192.47
2835,1,20,7.5,1258.45
2780,3,5,4.1,1392.01
1084,2,9,11.5,1029.48
1592,3,11,8.3,1166.26
1900,5,29,9.9,1079.73
1993,1,22,6.7,1094.69
631,5,11,19.3,1068.44
2140,3,22,23.3,1030.89
963,4,22,13.0,1007.66
2730,3,12,16.4,1265.65
2549,2,12,21.8,1175.64
3268,4,27,25.0,1094.26
2735,4,17,15.7,1191.02
1600,1,4,22.4,1167.54
3403,4,22,22.8,1101.03
1732,4,18,20.0,1016.15
1477,2,15,12.1,1161.55
3217,5,22,2.9,1285.97
1611,4,28,1.4,1097.95
729,2,10,12.5,1083.53
1909,1,12,12.9,1106.67
2887,4,5,10.8,1371.49
1068,2,20,14.6,1034.6
1889,4,12,14.3,1199.15
889,3,10,21.1,963.75
2560,3,21,3.6,1181.11
1927,1,12,6.4,1266.8
1490,4,14,20.0,1061.03
1180,1,13,21.3,910.88
2194,3,8,24.9,1230.48
2510,5,3,21.9,1322.86
3321,5,25,22.4,1089.93
1811,5,2,8.5,1335.22
982,5,10,10.6,1217.38
2998,3,20,7.4,1185.24
2389,2,4,15.6,1317.94
2601,5,20,23.5,1107.48
791,5,22,9.3,1029.85
1437,5,20,14.4,1063.49
2804,4,9,8.1,1329.67
2997,1,0,5.1,1479.0
1806,3,27,5.7,998.97
2915,3,10,2.4,1289.59
3025,5,24,23.8,1096.37
1662,2,6,10.7,1248.08
3195,2,5,21.0,1301.19
1365,1,24,17.4,925.17
1218,5,29,5.6,986.31
2548,4,26,5.2,1170.42
2410,1,23,20.5,980.8
919,3,7,7.4,1166.99
2999,3,28,22.9,975.68
1099,3,20,4.4,1163.14
2915,5,5,17.3,1261.3
522,1,4,20.5,1072.86
2891,2,27,6.6,1029.38
2861,1,8,7.6,1299.51
2841,2,23,24.1,989.17
2495,5,4,7.4,1301.05
1915,5,8,11.3,1283.88
2616,1,8,11.4,1236.06
1331,4,8,7.1,1137.87
2842,2,20,19.6,1118.55
2167,1,28,19.5,974.77
1877,2,28,10.1,1045.8
2017,1,22,21.0,973.6
2206,3,6,6.1,1322.78
611,5,29,1.1,1044.9
919,3,16,14.7,1098.22
1236,4,16,24.9,1036.87
843,3,21,1.9,1016.09
1819,1,23,6.0,1057.68
2505,1,29,13.5,994.7
2463,2,18,20.4,984.72
1913,2,18,3.1,1178.93
3066,5,23,10.5,1292.89
2196,5,7,18.9,1270.26
737,5,9,9.9,1231.75
2795,4,19,5.5,1245.81
2224,3,1,5.7,1382.15
2404,4,9,10.8,1299.1
2196,3,22,12.5,1039.95
2161,4,30,21.7,878.72
771,4,16,16.4,1071.32
2178,4,12,17.6,1234.09
2885,4,13,24.6,1119.83
1412,1,21,10.9,1042.38
2309,4,16,10.7,1186.75
592,2,0,23.2,1116.01
1542,4,16,6.9,1176.58
1810,3,12,18.5,1160.6
3449,5,21,19.1,1182.09
1143,2,27,3.3,1046.21
1329,5,29,12.2,971.29
1725,5,18,5.8,1202.31
3478,2,11,5.4,1318.93
3061,3,13,12.1,1358.52
604,3,5,7.9,1203.28
1202,4,29,20.1,897.45
2965,4,26,22.8,957.26
674,5,26,20.3,835.87
3067,2,10,7.4,1373.2
1344,3,9,7.6,1212.35
3253,3,26,7.1,1075.58
1381,5,16,4.2,1228.51
1803,2,21,23.7,923.18
2486,3,15,10.6,1264.02
878,1,13,6.4,1081.48
2171,5,19,21.3,1085.35
2015,2,25,10.6,1075.53
2852,2,10,1.8,1303.63
3489,3,25,4.9,1166.69
2493,3,7,16.3,1242.66
1727,5,12,19.8,1171.62
1719,3,28,6.1,955.43
1754,3,29,23.0,796.03
2942,1,28,21.4,997.94
1463,1,9,21.4,1036.02
1001,2,26,6.5,939.43
1503,5,29,2.2,968.6
568,5,30,21.8,773.33
818,4,0,8.3,1274.79
770,4,23,15.9,976.12
2815,2,30,19.2,926.97
2667,1,23,4.1,1210.48
2591,1,7,19.7,1165.83
1886,2,23,23.5,901.57
2651,2,3,18.5,1346.52
983,1,14,11.6,1050.27
3202,2,19,22.0,1079.33
2003,1,14,13.7,1103.67
3315,4,21,18.9,1211.46
957,5,7,20.7,1187.72
1992,4,18,19.0,1036.56
2589,3,19,7.9,1180.96
1987,3,19,3.8,1168.55
1838,2,8,6.7,1198.25
998,1,9,13.1,1087.52
1643,3,7,13.1,1205.09
1216,3,14,15.0,1120.67
1404,1,18,10.5,1091.67
2551,3,11,19.9,1164.82
2391,2,12,22.9,1102.41
2322,1,8,6.9,1294.06
1585,4,6,18.7,1158.79
3380,3,20,17.3,1189.39
763,4,25,13.6,924.1
1528,4,9,5.5,1206.26
854,5,26,20.1,846.73
1517,5,17,24.1,1087.26
3386,4,5,18.3,1346.37
1599,5,11,23.0,1183.73
3226,3,0,24.6,1308.3
1985,5,1,9.4,1384.63
2599,4,10,16.3,1350.19
1872,4,14,12.4,1116.34
1297,5,24,24.7,829.24
2793,3,4,3.3,1474.9
3408,4,26,10.9,1125.27
1290,2,7,22.0,1084.72
2837,5,4,7.8,1394.38
1283,4,21,19.9,981.92
2651,4,24,10.2,1084.96
2867,3,18,24.5,1077.6
1848,5,3,22.2,1253.72
2711,1,3,8.2,1301.46
1316,1,12,19.5,998.36
737,3,13,9.1,1072.21
789,4,30,15.6,789.97
1841,5,8,16.8,1197.07
3208,3,5,20.9,1304.83
882,4,29,1.6,968.19
1867,3,4,6.3,1302.08
2612,5,0,18.1,1366.32
1107,4,13,14.5,1064.59
2665,3,12,12.9,1264.42
1418,5,19,2.3,1228.75
2926,1,27,9.4,1046.61
2238,5,28,21.8,991.66
2141,1,8,1.7,1279.6
1030,2,30,10.5,896.0
1890,5,19,23.7,1103.51
3070,4,2,2.2,1514.24
558,5,29,19.0,757.63
2776,4,4,7.2,1422.79
1978,4,18,21.8,1105.21
2659,2,24,18.9,1012.84
2490,1,7,22.3,1212.05
1796,1,8,6.2,1194.0
1426,2,14,13.8,1011.96
2382,1,27,19.7,945.22
920,3,6,6.9,1125.96
2252,4,20,6.5,1160.63
784,5,14,1.7,1232.95
2450,3,3,24.0,1148.31
2386,5,22,18.0,1027.23
753,5,25,16.3,877.16
2773,5,17,18.9,1167.66
1747,3,5,13.8,1215.64
2861,2,4,12.4,1394.95
624,5,13,11.8,1135.59
1038,2,15,16.4,1035.32
1982,3,17,5.8,1178.62
1064,1,7,22.3,1063.74
1489,4,15,20.5,1015.78
2482,4,9,9.4,1338.34
933,1,21,14.9,876.06
2533,2,24,4.4,1165.7
810,3,20,24.3,941.83
1025,3,0,22.7,1169.01
2263,5,30,23.1,929.63
2881,2,0,9.0,1426.9
1011,5,30,5.1,846.37
1400,3,0,6.1,1337.8
3276,5,16,3.2,1345.76
3470,2,3,3.9,1461.47
2243,1,2,2.7,1394.85
1841,1,21,24.8,920.72
1540,2,22,2.8,1029.19
2337,5,3,4.2,1412.68
2273,1,30,20.9,887.04
1384,2,9,14.9,1131.61
568,1,9,19.6,1008.77
954,5,9,16.1,1181.06
3376,4,14,22.2,1164.49
1754,4,5,16.3,1238.6
1947,4,13,13.5,1231.54
1901,4,6,18.1,1138.73
2848,4,1,11.7,1416.56
694,1,11,9.3,1044.25
748,5,20,12.2,999.3
1327,4,23,5.1,1027.28
1960,4,10,20.1,1150.17
2514,2,10,7.3,1354.15
1972,5,24,4.7,1075.12
1823,2,21,6.9,1031.12
3314,1,25,21.2,971.5
983,5,28,8.9,1044.09
2215,2,25,17.5,963.47
2127,1,29,21.6,876.84
1920,4,12,2.9,1249.87
2923,2,12,19.4,1142.76
1301,5,9,8.4,1214.8
3362,3,7,6.2,1516.79
1495,1,23,17.5,991.72
2135,5,22,22.8,986.69
2062,3,24,8.1,1105.61
3050,2,5,14.7,1280.23
1817,4,15,8.0,1102.51
1353,3,6,14.3,1228.48
564,1,27,15.9,866.94
1591,4,8,15.6,1233.51
2979,3,4,16.0,1310.07
529,4,17,4.2,1071.86
3189,5,27,17.6,1130.0
2129,4,28,17.2,996.98
920,4,2,17.4,1169.29
1406,2,10,2.8,1140.25
2162,2,4,11.7,1283.29
1447,3,9,10.8,1231.15
825,5,16,3.1,1089.43
2498,3,8,6.3,1348.67
2517,2,2,11.6,1348.06
856,4,15,18.8,1048.12
1343,5,1,6.7,1377.79
1231,5,7,20.9,1112.18
2478,2,0,14.1,1261.07
2691,4,2,19.3,1298.33
2681,3,13,12.3,1267.5
3317,3,26,13.0,1095.55
2806,2,24,15.9,1028.08
1462,1,3,23.3,1037.91
823,2,1,12.8,1270.42
2344,3,10,13.7,1260.8
3248,5,20,15.4,1237.53
3426,5,23,18.7,1199.16
1190,1,25,2.7,1023.5
1209,4,10,13.4,1136.57
612,1,5,12.6,1101.85
923,4,0,23.1,1146.41
2165,2,4,12.8,1388.19
2140,3,2,12.2,1339.32
1613,4,26,24.1,883.43
1430,3,8,11.8,1206.1
2990,5,25,5.3,1156.26
1880,3,17,6.2,1227.9
2925,5,16,3.3,1290.48
3390,4,14,1.0,1406.7
1451,2,25,11.4,1016.1
1108,4,1,19.5,1215.49
3359,3,2,18.6,1370.97
2405,3,13,1.8,1288.51
1373,1,12,14.7,1070.57
2366,1,16,4.7,1163.56
2045,3,22,23.6,954.8
3217,1,18,5.0,1302.03
1268,5,7,16.0,1180.9
3475,5,10,8.8,1359.61
3309,4,23,16.4,1122.83
1042,4,6,10.9,1250.89
993,3,15,19.2,1035.21
2100,1,16,6.5,1177.71
634,2,23,22.7,820.7
1396,3,22,13.0,1030.46
1805,5,14,19.1,1093.66
3409,2,9,21.4,1234.88
3478,3,11,25.0,1261.27
954,2,12,6.4,1161.23
3175,1,6,7.9,1308.49
772,1,19,7.0,961.12
2746,2,6,7.3,1343.9
3037,1,20,15.0,1193.82
3173,1,23,24.8,927.1
1170,2,29,24.8,801.57
3181,2,3,13.6,1299.66
848,3,23,16.3,891.14
2057,1,2,21.6,1179.65
1909,2,10,23.4,1072.14
1448,3,5,5.9,1245.86
566,5,5,13.7,1168.83
2816,4,5,21.0,1259.27
1507,5,1,8.3,1273.88
2485,2,25,11.6,1089.52
1731,3,1,24.7,1225.41
1621,3,12,24.6,1088.93
3159,5,21,22.7,1055.58
783,5,30,20.2,848.41
2710,5,26,7.5,1178.77
2741,4,4,8.7,1340.98
1640,3,30,14.1,921.01
1287,3,20,14.5,1002.16
515,5,5,13.1,1251.87
3311,2,13,16.3,1317.64
3344,2,28,10.8,1022.94
1223,5,12,19.0,1210.18
595,2,5,9.0,1113.39
868,2,27,8.9,958.71
702,3,29,4.1,976.54
2994,2,30,5.5,1041.68
3176,5,29,21.4,1062.96
960,5,27,11.7,949.16
2740,2,14,6.5,1273.84
1037,3,5,19.2,1138.93
1601,5,19,14.3,1137.52
2298,4,6,1.5,1386.72
2660,2,14,8.6,1217.75
3124,3,20,5.2,1287.26
634,4,29,16.7,870.41
1089,4,8,7.6,1240.7
1341,1,7,2.6,1197.28
1431,2,22,2.3,1028.2
3495,5,0,15.0,1441.53
2832,2,17,1.5,1232.78
1461,2,23,21.4,948.36
3416,2,17,4.7,1328.68
1998,1,11,15.6,1124.05
2002,1,25,11.7,1058.96
1801,2,11,11.6,1225.87
931,5,22,2.7,1094.49
3304,1,14,20.3,1131.45
541,2,0,22.4,1173.68
1023,1,16,1.3,1099.81
1189,3,1,5.3,1306.34
1338,2,28,22.7,816.85
895,4,18,14.2,978.43
553,3,11,4.6,1066.12
2533,4,15,5.9,1288.58
3408,4,19,16.8,1164.03
865,3,8,18.4,1222.0
1389,5,8,15.4,1139.99
2019,3,12,23.9,1033.83
3283,5,8,12.9,1392.81
2583,5,23,8.2,1236.77
2799,3,3,12.5,1358.82
2243,4,25,9.6,1111.61
1751,2,10,6.4,1130.68
1099,5,17,2.1,1132.13
3093,4,4,9.5,1362.59
2913,5,11,18.1,1175.53
575,2,23,1.4,1002.94
2646,4,8,11.5,1207.98
753,3,4,16.5,1078.51
2717,1,16,15.6,1107.97
2978,1,5,19.6,1216.92
893,3,9,20.5,1075.74
1801,2,13,18.1,1102.04
871,1,17,3.5,1100.26
2202,3,19,12.4,1147.83
3283,4,20,15.5,1238.39
742,2,26,6.9,931.78
1693,5,2,2.0,1407.56
3420,4,11,6.4,1402.52
1403,3,0,11.9,1284.43
896,5,0,10.9,1261.09
1966,3,6,5.2,1292.55
2025,1,18,20.8,970.93
2489,1,27,23.2,938.94
1441,5,23,5.8,1085.85
3367,5,20,23.3,1119.95
2063,4,24,1.4,1118.35
1359,1,5,23.2,1033.45
3381,2,26,23.8,1065.03
3275,1,27,1.3,1165.51
1997,1,2,19.3,1170.52
574,2,14,24.3,958.77
2291,3,25,22.7,941.91
2166,1,14,24.3,976.42
944,5,26,14.2,990.6
2402,3,29,2.9,1062.8
3023,2,14,21.4,1135.35
817,3,1,15.7,1187.7
2670,4,10,15.8,1303.97
921,2,6,11.0,1155.19
2747,1,14,14.7,1111.93
1757,1,18,4.7,1138.22
519,5,14,18.8,993.89
3399,1,6,2.8,1497.47
998,4,9,18.5,1100.78
2288,2,21,21.4,906.7
1044,4,0,12.3,1278.42
3300,1,6,13.2,1408.41
2715,5,27,8.5,1199.69
2913,4,3,24.3,1371.6
1796,3,12,18.6,1067.97
1902,2,6,9.9,1287.52
2403,5,3,5.2,1384.17
2855,2,13,6.3,1282.37
3041,3,16,12.1,1166.4
553,2,5,23.6,1005.2
2491,2,2,18.6,1244.5
827,3,4,6.2,1267.13
1364,1,20,21.6,957.17
2989,1,26,10.1,1091.72
1251,2,5,21.4,1050.37
2891,1,9,6.8,1287.31
1889,3,10,15.8,1134.59
1198,5,11,23.2,1113.37
1503,1,7,7.2,1257.17
2092,1,1,17.6,1290.56
2796,1,16,24.7,1032.08
2318,3,11,4.6,1158.95
3300,2,10,3.1,1292.19
3104,3,8,17.2,1348.21
2760,1,28,9.2,1024.94
2309,2,18,2.7,1160.88
1369,3,12,12.4,1201.08
1738,3,6,19.1,1233.86
856,3,24,7.8,977.46
1622,4,27,9.0,1000.67
3280,3,1,21.3,1344.46
1778,5,28,13.5,1007.35
841,3,21,21.2,975.89
2456,2,3,11.7,1334.17
3388,2,23,23.9,1089.45
3103,2,3,16.6,1383.57
1322,3,1,3.8,1271.33
1862,2,3,22.2,1214.64
2093,5,14,12.7,1185.05
1243,3,19,4.4,983.23
1306,5,12,4.7,1123.64
1210,4,3,17.5,1153.03
3484,2,6,2.1,1467.25
2738,2,26,7.9,1098.65
3023,4,29,4.4,1154.05
2950,2,23,11.6,1205.74
3378,2,3,10.9,1342.82
815,5,25,13.5,950.04
3145,3,21,7.7,1221.42
699,1,16,1.8,1037.88
1926,3,4,15.7,1245.38
2283,3,30,10.0,936.06
1573,5,13,16.6,1198.35
938,4,1,3.6,1280.26
1077,1,6,1.3,1318.56
2974,1,12,7.0,1269.33
1456,4,1,12.0,1334.02
1431,1,10,10.5,1133.24
3271,2,14,20.4,1181.45
931,1,29,10.1,842.05
3246,1,2,13.7,1365.67
3263,5,17,15.2,1256.06
2296,1,28,1.5,1029.87
996,1,24,13.4,901.83
967,5,28,9.3,934.34
1354,1,5,11.1,1287.77
2232,5,24,3.4,1160.48
960,1,30,19.8,850.74
1867,1,10,23.6,1059.09
846,1,15,1.5,1109.58
2121,4,16,15.4,1077.62
563,4,15,19.3,965.34
2627,3,8,7.8,1328.37
666,2,30,19.9,844.78
1084,1,29,16.2,842.53
1024,3,11,23.3,1084.91
2993,2,24,24.5,1035.24
660,3,12,2.0,1223.33
1788,4,24,11.7,1039.72
2274,5,18,14.1,1262.05
2048,3,14,4.5,1202.24
2542,1,3,9.1,1290.78
2910,2,20,24.7,991.3
1681,5,9,1.4,1418.58
2985,3,6,11.9,1377.4
1454,4,5,21.2,1150.95
3454,3,30,8.8,1173.4
2014,1,3,12.5,1284.14
2708,5,24,24.5,1124.66
3125,4,26,12.4,1056.77
2878,5,0,4.1,1489.89
3054,5,18,2.2,1295.18
2110,2,17,23.7,932.93
630,2,11,7.4,1146.06
1979,2,20,13.1,1047.25
1044,5,12,3.2,1242.42
3168,3,13,11.2,1383.87
1210,3,13,23.3,998.55
1184,5,24,13.1,978.89
1248,4,19,24.3,961.02
2428,5,11,7.2,1351.21
2214,5,28,13.1,1011.89
3347,1,24,21.6,1013.3
1749,2,28,11.8,1001.84
1347,4,22,7.7,1077.93
647,5,12,21.5,936.98
521,1,23,10.4,847.94
1621,2,10,13.7,1211.74
3278,3,8,24.4,1259.52
2071,4,13,5.5,1213.74
3181,1,30,8.2,1055.12
805,4,17,1.7,1123.42
780,2,11,10.4,1120.21
3001,2,14,5.8,1215.56
820,3,9,17.3,1039.46
655,3,20,5.4,1038.76
1712,4,10,17.2,1155.43
3275,2,17,7.3,1277.71
2568,5,11,9.5,1244.95
797,1,9,9.4,1118.62
3012,5,30,18.2,1089.54
3031,1,10,12.2,1279.94
2902,4,2,9.7,1423.33
3208,2,11,21.5,1200.37
1219,2,16,14.7,992.45
3439,1,2,6.1,1434.28
1462,4,9,22.6,1164.16
2906,1,5,9.2,1326.05
2238,4,15,1.9,1226.99
2839,4,22,12.9,1123.96
2384,5,30,4.0,1109.68
2428,4,12,6.7,1263.97
2349,2,26,18.9,994.3
2837,4,6,4.1,1431.87
2717,5,24,20.4,1109.75
903,2,17,23.5,984.82
2978,1,23,15.6,1115.14
2108,5,23,18.0,1007.14
1469,1,16,18.1,965.41
2043,3,7,24.8,1141.85
3401,2,16,9.2,1239.18
3073,1,25,4.9,1088.78
3001,4,30,13.5,1039.21
1888,1,28,13.8,910.73
2853,4,5,5.3,1381.87
1655,4,18,15.7,1056.86
2559,1,3,1.3,1442.15
2419,1,20,23.3,1006.18
1249,4,30,7.3,1071.0
1299,3,1,1.9,1344.89
683,1,20,3.6,994.2
919,5,29,6.8,965.9
1801,2,26,7.6,1027.83
1934,1,12,1.8,1243.58
995,5,3,7.7,1370.43
1751,1,28,5.6,948.0
2313,3,28,10.1,1072.46
1197,5,17,10.2,1115.49
1515,3,30,9.1,879.28
1602,3,0,8.9,1353.65
2015,2,19,3.2,1210.72
1599,1,1,1.6,1290.54
2711,3,29,5.9,1088.83
1482,5,21,19.2,932.73
1802,1,28,24.8,780.12
1638,5,17,23.3,1085.99
1048,3,2,13.1,1193.29
2557,3,0,13.8,1311.05
1206,1,10,8.5,1142.84
1390,4,23,19.6,933.84
2879,1,4,19.4,1238.33
3347,2,26,21.3,1071.36
2513,4,7,22.5,1169.33
3249,1,15,11.4,1182.22
3063,3,6,19.4,1294.09
1943,3,14,20.4,1131.58
2811,1,14,8.4,1277.45
1485,2,0,23.3,1145.9
1881,2,17,3.3,1207.67
2106,4,24,24.9,928.52
3382,5,29,19.5,1155.65
3046,5,10,3.2,1352.29
1968,1,27,16.7,987.46
2458,1,27,1.8,1058.99
1107,1,30,19.5,886.69
2913,3,11,20.2,1234.61
2159,1,26,15.5,919.79
2098,2,17,21.6,1014.03
2799,5,1,3.3,1524.67
2399,5,8,7.6,1384.48
717,5,20,10.9,1020.56
1364,2,4,2.0,1289.95
1030,4,13,11.8,1143.28
2705,4,24,7.4,1160.66
605,1,4,10.4,1080.02
1107,3,15,11.2,1041.91
2292,3,6,22.1,1210.6
2585,2,16,7.5,1258.42
2010,4,7,22.4,1252.37
3083,4,29,11.2,1131.53
3257,3,2,8.9,1448.57
896,4,29,13.1,929.06
3358,4,24,11.0,1151.43
2343,3,26,7.2,1076.66
2409,2,26,13.1,986.88
785,4,5,4.6,1185.73
2366,4,28,9.4,1076.92
2677,5,18,14.6,1193.09
2242,1,29,10.9,1004.31
753,3,27,20.8,852.18
2070,5,17,7.2,1215.27
3308,3,11,24.3,1233.83
2670,5,3,19.8,1320.63
912,1,3,24.2,1084.5
3380,1,12,21.1,1159.82
3377,4,25,4.4,1240.48
1008,2,15,13.6,1062.96
2903,3,14,5.1,1261.82
1720,3,7,20.6,1153.73
2281,3,17,15.0,1095.82
1836,5,19,7.3,1135.97
2848,1,30,23.3,863.06
3490,4,22,3.8,1331.21
2886,5,18,14.5,1251.27
3295,4,28,18.3,1093.86
3339,2,13,2.4,1433.36
770,1,28,15.3,816.53
1260,4,11,20.6,1218.73
2666,3,3,2.6,1413.57
2270,1,12,13.3,1172.03
650,2,3,7.2,1179.75
785,5,3,16.9,1202.28
2062,2,27,3.8,1094.47
2349,1,24,23.5,936.54
1003,4,6,22.5,1185.21
1014,1,25,5.5,970.95
888,5,2,8.8,1283.25
2195,5,8,15.1,1218.87
523,5,21,18.2,955.69
2217,5,9,11.6,1271.61
1928,2,22,4.8,1070.11
1898,2,27,3.5,1010.39
2538,2,2,25.0,1347.96
2068,3,0,11.9,1322.72
2683,5,29,21.9,929.29
2792,4,16,12.6,1185.1
3261,4,15,23.1,1182.06
2898,5,14,3.1,1368.13
2053,4,13,3.7,1285.87
1976,2,21,23.3,996.01
1207,3,17,23.7,933.98
2299,3,5,8.6,1335.93
917,1,19,9.5,952.52
3294,4,20,11.9,1188.91
3035,4,3,11.0,1364.68
859,4,11,5.6,1114.74
2858,3,24,22.6,1076.02
851,4,19,7.1,1090.52
2664,5,4,17.9,1369.19
763,3,1,2.6,1287.82
1965,3,18,1.9,1224.78
2474,1,14,16.7,1047.43
2687,4,29,9.1,1118.43
1756,5,16,16.7,1121.63
3265,4,28,3.3,1215.34
2823,5,6,23.8,1284.66
1125,5,13,19.0,1033.21
2514,4,4,22.0,1194.28
2692,3,17,4.3,1212.38
1501,1,5,8.7,1241.41
2715,1,15,9.8,1221.43
3195,2,10,13.9,1214.82
2952,3,5,8.1,1335.97
2788,4,3,2.5,1420.43
2404,3,15,9.9,1183.06
1311,1,29,7.1,863.34
2886,2,6,10.3,1262.92
1592,5,12,5.7,1198.74
2097,5,6,7.3,1341.73
1443,2,25,16.0,877.53
1439,5,12,10.3,1180.7
972,4,30,9.3,967.85
3384,5,7,13.8,1324.66
943,5,2,19.5,1180.86
758,4,18,10.1,1085.74
3309,2,20,15.1,1137.64
2165,4,30,24.2,876.61
1814,2,27,13.5,1010.55
2713,2,27,22.8,946.43
1650,4,19,20.0,1073.95
883,3,11,2.4,1197.16
2689,3,13,11.3,1220.74
1028,2,4,17.8,1154.57
2159,3,13,24.7,1098.34
3348,1,11,12.0,1320.52
3309,4,1,3.2,1490.99
1582,3,6,14.5,1202.32
2841,5,16,4.0,1304.72
2338,3,11,19.0,1200.42
1938,3,30,13.2,907.0
919,1,14,18.4,1026.68
1629,1,29,21.9,854.25
2456,2,20,16.1,1016.7
3460,2,1,15.7,1446.87
514,2,6,19.1,1155.42
2653,2,21,21.2,1084.99
3039,4,16,21.9,1227.33
3354,1,9,1.9,1383.73
1771,2,16,14.3,1005.37
855,1,27,6.2,834.09
1313,2,12,21.6,1042.28
3052,4,1,16.6,1359.98
3134,1,9,11.1,1246.43
2411,2,29,5.5,1046.11
868,1,23,9.1,970.68
865,5,25,17.9,854.95
1934,4,28,5.9,1032.99
2265,2,3,3.2,1434.87
597,1,8,22.3,945.96
2558,1,1,19.3,1308.17
2134,3,0,5.8,1367.18
536,4,25,8.0,978.12
787,3,29,24.3,827.87
1863,5,4,18.0,1289.71
2668,2,22,15.7,1114.09
2977,2,16,8.4,1178.02
1794,3,2,8.2,1367.0
1386,2,28,1.9,964.24
3405,5,27,18.5,1119.1
1876,1,17,2.0,1169.08
1446,3,21,1.1,1137.94
1827,3,12,18.5,1132.46
536,1,24,23.8,747.19
1406,3,13,19.2,1003.17
2047,3,30,12.3,1008.85
3256,2,1,12.7,1407.52
2715,1,5,11.5,1348.5
2844,1,30,8.8,1027.33
2135,1,8,13.5,1132.24
831,3,9,11.3,1169.71
1673,1,24,15.4,932.34
3492,5,5,22.6,1361.41
632,2,15,24.9,881.38
3138,4,8,2.9,1493.52
2554,4,6,10.2,1296.04
1352,3,29,5.3,963.34
2834,5,6,9.5,1387.73
3011,1,2,7.9,1337.59
629,2,20,5.2,1022.74
819,2,26,19.3,911.75
2497,1,3,12.9,1268.97
3498,2,21,23.1,1114.31
571,2,16,1.8,954.41
2497,4,25,2.6,1161.69
909,2,3,10.7,1177.58
2451,5,30,2.9,1078.3
2370,4,19,7.3,1235.72
771,5,26,24.7,831.25
2542,1,11,6.0,1246.08
3191,5,29,5.8,1149.86
3091,4,19,14.8,1102.08
587,5,3,13.0,1148.96
1237,2,28,14.9,929.19
1222,5,24,10.0,930.92
1860,3,9,20.8,1103.22
929,1,16,4.3,1052.58
3063,3,12,11.3,1358.42
2831,1,16,17.6,1160.42
2925,5,29,21.8,991.15
1094,2,27,9.9,984.49
543,2,6,14.6,1060.03
3232,3,30,2.7,1192.53
1367,3,13,5.1,1112.25
2469,1,21,2.7,1202.56
3229,5,23,18.5,1122.19
608,5,14,7.9,1064.2
516,4,14,18.4,990.89
516,4,14,2.6,1139.54
969,3,26,21.7,828.5
655,3,11,21.1,1033.8
2960,3,8,3.1,1358.57
2318,1,11,1.6,1298.15
3441,1,6,2.4,1439.18
2905,2,12,21.5,1164.18
3390,3,3,6.6,1433.49
1215,1,2,14.2,1190.49
1363,1,22,11.2,1005.02
3049,5,2,20.1,1457.15
1234,2,17,12.7,1077.56
671,3,24,13.0,962.95
2508,3,22,24.7,1144.56
2903,4,13,4.6,1349.17
3405,4,6,20.9,1344.03
3284,2,28,2.2,1193.22
860,5,25,12.5,917.7
2817,2,18,22.3,1061.07
3039,5,2,17.0,1365.54
2595,3,1,17.4,1352.52
2960,1,9,7.3,1295.36
3014,4,4,11.0,1398.41
1840,1,26,9.8,1032.94
620,4,6,13.5,1183.54
1869,1,8,12.1,1176.79
1105,2,30,8.8,869.38
841,4,25,8.3,1028.17
874,5,6,7.0,1271.12
2592,3,11,9.8,1191.64
2014,1,15,4.6,1158.3
2120,2,20,21.9,1008.45
2736,5,29,15.5,1085.61
2145,4,27,4.2,1137.68
2390,1,30,17.7,932.33
758,2,1,21.3,1144.37
3054,2,7,6.7,1360.88
1846,1,17,4.6,1103.79
965,5,1,1.2,1338.67
2940,4,11,2.1,1373.95
2704,1,4,19.3,1243.88
659,4,28,24.7,709.56
1079,3,1,2.1,1299.03
547,1,4,19.0,1067.02
1312,3,6,2.7,1259.26
800,1,4,15.2,1105.29
2630,2,17,19.1,1124.71
2068,5,11,9.6,1208.43
3441,4,28,1.3,1144.82
2749,1,8,15.3,1217.6
2335,5,16,24.8,1132.46
2028,3,20,7.2,1204.72
663,5,19,5.5,1109.55
710,4,24,4.0,946.28
2349,2,6,14.3,1238.81
513,3,15,15.3,1006.75
627,3,24,20.0,867.29
1157,4,26,19.1,929.81
3153,2,19,22.4,1055.54
1877,2,20,20.3,996.07
2629,2,26,6.9,1111.18
1735,2,19,14.3,1078.23
1019,1,29,8.1,855.56
1613,1,3,8.9,1232.37
775,5,10,23.4,927.0
2811,1,3,17.4,1253.77
1050,5,2,24.4,1136.45
1629,1,14,11.0,1054.58
3441,4,7,13.9,1376.74
2276,2,12,12.7,1181.34
1876,3,13,3.6,1127.0
2129,2,19,6.7,1145.06
2853,3,29,13.7,997.13
1263,3,26,2.6,1050.41
2409,3,11,23.4,1081.88
3118,2,10,4.0,1350.38
2217,3,23,5.8,1107.3
1840,5,3,19.4,1268.84
935,3,16,3.3,1120.69
1245,2,13,22.6,993.54
3339,1,5,18.4,1225.48
2124,2,19,2.6,1101.27
1404,1,9,17.6,1062.27
1755,1,5,16.2,1177.2
2234,5,20,19.2,1058.92
2113,1,5,20.9,1198.54
2600,3,20,18.2,1076.84
1272,5,5,15.1,1173.89
2448,5,13,8.7,1259.97
1828,1,25,17.7,941.94
3322,1,7,24.0,1238.99
973,2,23,15.1,1006.43
945,3,22,16.9,905.02
1885,5,27,11.5,1030.92
2025,2,5,19.1,1214.5
2573,1,22,24.9,972.45
1712,2,29,4.8,972.59
3242,5,23,5.9,1172.65
1922,1,5,13.9,1187.18
888,2,25,12.6,862.36
857,1,3,14.7,1059.55
3421,1,18,2.2,1239.38
902,5,15,10.7,1053.95
3344,1,16,15.0,1216.51
1334,2,16,15.0,1064.44
780,5,0,16.8,1181.23
1414,4,15,18.3,1054.08
2344,1,29,16.4,854.42
1784,3,13,20.0,1067.39
2857,5,8,16.0,1326.8
2333,3,30,13.9,1018.23
1702,3,3,15.5,1206.58
2404,3,15,3.4,1298.47
3415,4,15,7.6,1253.27
1735,1,14,13.7,1031.73
960,5,28,22.0,891.53
1726,5,13,17.3,1217.51
3021,1,30,3.2,1111.39
1153,5,2,15.2,1240.59
3348,5,22,6.3,1161.4
2265,4,18,18.6,1008.71
2305,2,7,20.9,1186.55
1451,3,7,15.2,1155.62
3262,5,22,15.2,1131.91
608,1,19,9.1,971.83
1396,5,18,11.7,1104.24
1755,5,1,21.7,1296.07
1932,4,18,18.4,1079.17
1922,2,30,13.5,986.65
943,3,0,9.8,1256.11
1177,1,14,2.2,1127.25
785,5,15,4.4,1189.42
2217,2,27,5.6,1011.62
1552,1,8,10.0,1300.57
2197,4,14,23.7,1118.03
2269,4,22,13.1,1113.2
2606,4,1,6.6,1452.34
2141,1,24,3.5,1168.46
2444,4,25,9.1,1142.6
2262,4,22,20.6,963.24
2457,4,20,10.2,1222.4
2350,5,23,19.5,1042.41
1448,2,24,20.3,913.5
1239,2,28,3.7,918.15
2863,5,13,15.6,1276.23
1528,3,14,24.0,994.57
2147,3,19,10.7,1127.4
1091,2,5,2.2,1238.35
1794,4,26,23.2,1013.52
2089,4,23,22.2,1085.17
2378,1,19,13.5,1086.22
2079,3,9,14.3,1211.19
1582,5,10,6.1,1238.87
3386,2,13,20.7,1251.98
2038,2,20,13.0,1050.43
